number,repository
1,core
2,core
3,core
4,eips
5,core
6,wallets
7,core
8,core
20,ercs
55,ercs
67,ercs
86,core
100,core
101,core
107,wallets
137,ercs
140,core
141,core
145,core
150,core
152,core
155,core
158,core
160,core
161,core
162,ercs
165,ercs
170,core
173,ercs
181,ercs
190,ercs
191,ercs
196,core
197,core
198,core
205,ercs
210,core
211,core
214,core
223,ercs
225,core
233,core
234,wallets
600,ercs
601,ercs
606,core
607,core
608,core
609,core
615,core
616,core
627,core
634,ercs
649,core
658,core
663,core
665,core
681,ercs
684,core
689,core
695,wallets
698,core
706,core
712,wallets
721,ercs
725,ercs
747,wallets
758,wallets
777,ercs
778,core
779,core
801,ercs
820,ercs
823,ercs
831,ercs
858,core
867,eips
868,core
875,ercs
884,ercs
897,ercs
900,ercs
902,ercs
908,core
918,ercs
926,ercs
927,ercs
969,core
998,ercs
999,core
1010,core
1011,core
1013,core
1014,core
1015,core
1046,ercs
1051,core
1052,core
1056,ercs
1057,core
1062,ercs
1066,ercs
1077,ercs
1078,ercs
1080,ercs
1081,ercs
1087,core
1102,wallets
1108,core
1109,core
1123,ercs
1129,ercs
1132,ercs
1153,core
1154,ercs
1155,ercs
1167,ercs
1175,ercs
1178,ercs
1185,ercs
1186,wallets
1191,ercs
1193,wallets
1202,ercs
1203,ercs
1207,ercs
1227,core
1234,core
1240,core
1261,ercs
1271,ercs
1276,core
1283,core
1285,core
1295,core
1319,ercs
1328,ercs
1337,ercs
1344,core
1352,core
1355,core
1363,ercs
1380,core
1386,ercs
1387,ercs
1388,ercs
1417,ercs
1418,core
1438,ercs
1444,ercs
1450,ercs
1459,core
1462,ercs
1474,wallets
1482,core
1484,ercs
1485,core
1491,ercs
1504,ercs
1523,ercs
1538,ercs
1559,core
1571,wallets
1577,ercs
1581,ercs
1588,core
1592,ercs
1613,ercs
1616,ercs
1620,ercs
1633,ercs
1679,core
1681,core
1682,core
1702,core
1706,core
1710,ercs
1716,core
1753,ercs
1761,ercs
1767,wallets
1775,ercs
1803,wallets
1812,ercs
1820,ercs
1822,ercs
1829,core
1844,ercs
1872,core
1884,core
1890,core
1895,core
1898,wallets
1900,ercs
1901,wallets
1921,ercs
1922,ercs
1923,ercs
1930,core
1948,ercs
1959,core
1962,core
1965,core
1967,ercs
1973,ercs
1985,core
1996,ercs
2003,wallets
2009,ercs
2014,core
2015,wallets
2018,ercs
2019,ercs
2020,ercs
2021,ercs
2025,core
2026,core
2027,core
2028,core
2029,core
2031,core
2035,core
2045,core
2046,core
2070,core
2098,ercs
2124,core
2135,ercs
2157,ercs
2159,wallets
2193,ercs
2200,core
2242,core
2255,wallets
2256,wallets
2266,ercs
2294,core
2304,ercs
2309,ercs
2315,core
2327,core
2330,core
2333,ercs
2334,ercs
2335,ercs
2364,core
2378,core
2384,core
2386,ercs
2387,core
2390,ercs
2400,ercs
2464,core
2470,ercs
2474,core
2477,ercs
2481,core
2488,core
2494,ercs
2515,core
2520,ercs
2525,ercs
2535,ercs
2537,core
2539,core
2542,core
2544,ercs
2565,core
2566,wallets
2569,ercs
2583,core
2584,core
2593,core
2612,ercs
2615,ercs
2645,ercs
2657,core
2666,core
2677,core
2678,ercs
2680,ercs
2681,core
2696,wallets
2700,wallets
2711,core
2718,core
2733,core
2746,ercs
2767,ercs
2770,ercs
2771,ercs
2780,core
2786,wallets
2803,core
2831,wallets
2844,wallets
2848,ercs
2876,ercs
2917,ercs
2926,core
2929,core
2930,core
2935,core
2936,core
2937,core
2938,core
2942,ercs
2970,core
2972,core
2976,core
2980,ercs
2981,ercs
2997,core
3000,ercs
3005,ercs
3009,ercs
3014,wallets
3026,core
3030,wallets
3041,wallets
3044,wallets
3045,wallets
3046,wallets
3068,core
3074,core
3076,wallets
3085,wallets
3091,wallets
3102,core
3135,ercs
3143,core
3155,wallets
3156,ercs
3198,core
3220,core
3224,ercs
3234,ercs
3238,core
3267,core
3298,core
3300,core
3322,core
3326,wallets
3332,core
3336,core
3337,core
3338,core
3368,core
3372,core
3374,core
3382,core
3386,ercs
3403,core
3416,core
3436,core
3440,ercs
3448,ercs
3450,ercs
3455,core
3475,ercs
3508,core
3520,core
3521,core
3525,ercs
3529,core
3534,core
3540,core
3541,core
3554,core
3561,ercs
3569,ercs
3584,core
3589,ercs
3607,core
3643,ercs
3651,core
3668,ercs
3670,core
3675,core
3690,core
3709,wallets
3722,ercs
3754,ercs
3756,core
3770,ercs
3772,ercs
3779,core
3788,core
3855,core
3860,core
3978,core
4200,core
4337,ercs
4341,ercs
4345,core
4353,ercs
4361,ercs
4393,ercs
4396,core
4399,core
4400,ercs
4430,ercs
4444,core
4488,core
4494,ercs
4519,ercs
4520,core
4521,ercs
4524,ercs
4527,ercs
4546,ercs
4573,core
4626,ercs
4671,ercs
4675,ercs
4736,wallets
4747,core
4750,core
4758,core
4760,core
4762,core
4788,core
4799,ercs
4803,core
4804,ercs
4824,ercs
4834,ercs
4844,core
4863,core
4881,wallets
4883,ercs
4885,ercs
4886,ercs
4895,core
4906,ercs
4907,ercs
4910,ercs
4931,ercs
4938,core
4944,ercs
4950,ercs
4955,ercs
4972,ercs
4973,ercs
4974,ercs
4987,ercs
5000,core
5003,core
5005,ercs
5006,ercs
5007,ercs
5008,ercs
5018,ercs
5022,core
5023,ercs
5027,core
5050,ercs
5058,ercs
5065,core
5069,eips
5081,core
5094,ercs
5095,ercs
5114,ercs
5115,ercs
5131,ercs
5133,core
5139,ercs
5143,ercs
5164,ercs
5169,ercs
5173,ercs
5185,ercs
5187,ercs
5189,ercs
5192,ercs
5202,ercs
5216,ercs
5218,ercs
5219,ercs
5247,ercs
5252,ercs
5267,ercs
5269,ercs
5283,core
5289,ercs
5298,ercs
5313,ercs
5334,ercs
5345,wallets
5375,ercs
5380,ercs
5409,ercs
5437,ercs
5450,core
5453,ercs
5478,core
5484,ercs
5485,ercs
5489,ercs
5496,ercs
5501,ercs
5505,ercs
5507,ercs
5516,ercs
5521,ercs
5528,ercs
5539,ercs
5553,ercs
5554,ercs
5559,ercs
5560,ercs
5564,ercs
5568,ercs
5570,ercs
5573,ercs
5585,ercs
5593,wallets
5604,ercs
5606,ercs
5615,ercs
5625,ercs
5630,ercs
5633,ercs
5635,ercs
5639,ercs
5643,ercs
5646,ercs
5656,core
5679,ercs
5700,ercs
5719,ercs
5725,ercs
5727,ercs
5732,ercs
5744,ercs
5749,wallets
5750,ercs
5753,ercs
5757,eips
5773,ercs
5791,ercs
5792,wallets
5793,core
5805,ercs
5806,core
5827,ercs
5850,ercs
5851,ercs
5883,ercs
5902,ercs
5920,core
5982,ercs
5988,core
6046,core
6047,ercs
6049,core
6051,wallets
6059,ercs
6065,ercs
6066,ercs
6093,ercs
6105,ercs
6110,core
6120,ercs
6122,core
6123,ercs
6147,ercs
6150,ercs
6170,ercs
6188,core
6189,core
6190,core
6206,core
6220,ercs
6224,ercs
6239,ercs
6268,ercs
6315,ercs
6327,ercs
6353,ercs
6357,ercs
6358,ercs
6366,ercs
6372,ercs
6381,ercs
6384,ercs
6404,core
6454,ercs
6464,ercs
6465,core
6466,core
6475,core
6492,ercs
6493,core
6506,ercs
6538,ercs
6551,ercs
6596,ercs
6604,ercs
6617,ercs
6662,ercs
6672,ercs
6682,ercs
6690,core
6734,ercs
6735,ercs
6780,core
6785,ercs
6786,ercs
6787,ercs
6789,wallets
6800,core
6806,ercs
6808,ercs
6809,ercs
6810,core
6811,core
6821,ercs
6823,ercs
6860,ercs
6864,ercs
6865,ercs
6873,core
6888,core
6900,ercs
6909,ercs
6913,core
6914,core
6916,core
6944,ercs
6956,ercs
6960,ercs
6963,wallets
6968,core
6981,ercs
6982,ercs
6988,core
6997,ercs
7002,core
7007,ercs
7015,ercs
7039,wallets
7044,core
7045,core
7053,ercs
7066,ercs
7069,core
7085,ercs
7092,ercs
7093,ercs
7144,ercs
7160,ercs
7199,eips
7201,ercs
7212,core
7231,ercs
7251,core
7254,ercs
7266,core
7303,ercs
7329,eips
7377,core
7378,core
7401,ercs
7405,ercs
7406,ercs
7409,ercs
7412,ercs
7417,ercs
7425,ercs
7432,ercs
7441,core
7444,ercs
7480,core
7484,ercs
7495,core
7503,core
7507,ercs
7508,ercs
7509,ercs
7511,ercs
7512,ercs
7514,core
7516,core
7519,core
7521,ercs
7522,ercs
7523,core
7528,ercs
7535,ercs
7540,ercs
7542,core
7545,core
7549,core
